[
    {
      "name": "Wing",
      "email": "tellus.eu.augue@arcu.com",
      "regDate": "2016-01-09T14:48:34-08:00",
      "city": "Paglieta",
      "age": 25
    },
    {
      "name": "Whitney",
      "email": "sed.dictum@Donec.org",
      "regDate": "2017-01-23T20:09:52-08:00",
      "city": "Bear",
      "age": 32
    },
    {
      "name": "Oliver",
      "email": "mauris@Craslorem.ca",
      "regDate": "2015-11-19T19:11:33-08:00",
      "city": "Bruderheim",
      "age": 31
    },
    {
      "name": "Vladimir",
      "email": "mi.Aliquam@Phasellus.net",
      "regDate": "2015-11-02T07:59:34-08:00",
      "city": "Andenne",
      "age": 50
    },
    {
      "name": "Maggy",
      "email": "ligula@acorciUt.edu",
      "regDate": "2017-02-25T15:42:17-08:00",
      "city": "HomprŽ",
      "age": 24
    },
    {
      "name": "Unity",
      "email": "Nunc.commodo@justo.org",
      "regDate": "2016-03-07T03:47:55-08:00",
      "city": "Ried im Innkreis",
      "age": 23
    },
    {
      "name": "Ralph",
      "email": "augue@penatibuset.net",
      "regDate": "2017-02-27T20:03:50-08:00",
      "city": "Cwmbran",
      "age": 45
    },
    {
      "name": "Medge",
      "email": "sagittis.augue@taciti.edu",
      "regDate": "2016-03-02T03:59:17-08:00",
      "city": "Maranguape",
      "age": 21
    },
    {
      "name": "Orli",
      "email": "nascetur@mipedenonummy.edu",
      "regDate": "2016-11-07T20:48:43-08:00",
      "city": "Gibbons",
      "age": 38
    },
    {
      "name": "Ainsley",
      "email": "morbi.tristique.senectus@enim.ca",
      "regDate": "2016-02-11T22:14:36-08:00",
      "city": "Guardia Perticara",
      "age": 43
    },
    {
      "name": "Candice",
      "email": "turpis.non.enim@fringillami.com",
      "regDate": "2015-04-23T12:29:39-07:00",
      "city": "Aylmer",
      "age": 25
    },
    {
      "name": "Alexis",
      "email": "lacinia.orci.consectetuer@dolorFuscefeugiat.ca",
      "regDate": "2016-08-18T12:06:56-07:00",
      "city": "Halkirk",
      "age": 35
    },
    {
      "name": "Diana",
      "email": "pede.Cras@a.edu",
      "regDate": "2016-12-24T00:53:04-08:00",
      "city": "Palermo",
      "age": 31
    },
    {
      "name": "Tyrone",
      "email": "ornare.In@duilectus.co.uk",
      "regDate": "2015-03-31T11:45:57-07:00",
      "city": "Bellevue",
      "age": 36
    },
    {
      "name": "Brennan",
      "email": "scelerisque.lorem@enim.net",
      "regDate": "2016-09-07T16:12:31-07:00",
      "city": "Oxford County",
      "age": 38
    },
    {
      "name": "Lillith",
      "email": "non@lectus.edu",
      "regDate": "2016-08-01T12:45:06-07:00",
      "city": "Lillois-WitterzŽe",
      "age": 25
    },
    {
      "name": "Wayne",
      "email": "at.egestas.a@Pellentesque.edu",
      "regDate": "2016-02-23T10:20:18-08:00",
      "city": "Baie-Saint-Paul",
      "age": 32
    },
    {
      "name": "Vielka",
      "email": "Nam.porttitor@Uttincidunt.ca",
      "regDate": "2016-07-18T19:26:59-07:00",
      "city": "Rodgau",
      "age": 21
    },
    {
      "name": "Armando",
      "email": "Aliquam@orciin.net",
      "regDate": "2016-12-07T17:31:26-08:00",
      "city": "Khanewal",
      "age": 30
    },
    {
      "name": "Justin",
      "email": "gravida.non.sollicitudin@placerataugue.edu",
      "regDate": "2016-09-23T20:17:41-07:00",
      "city": "İslahiye",
      "age": 20
    },
    {
      "name": "Zorita",
      "email": "enim@risus.org",
      "regDate": "2015-06-14T12:12:00-07:00",
      "city": "Burdinne",
      "age": 20
    },
    {
      "name": "Mariam",
      "email": "purus.mauris.a@odiosagittis.ca",
      "regDate": "2016-10-14T18:52:48-07:00",
      "city": "Bharatpur",
      "age": 22
    },
    {
      "name": "Malik",
      "email": "Nam@enimEtiam.org",
      "regDate": "2016-09-20T18:06:55-07:00",
      "city": "Neerheylissem",
      "age": 28
    },
    {
      "name": "Claire",
      "email": "sapien@Nullamlobortis.ca",
      "regDate": "2016-12-29T09:49:13-08:00",
      "city": "San Fratello",
      "age": 24
    },
    {
      "name": "Hilel",
      "email": "tempor@purusmaurisa.edu",
      "regDate": "2016-07-09T12:03:31-07:00",
      "city": "La Cruz",
      "age": 30
    },
    {
      "name": "Alea",
      "email": "vulputate@orciUt.ca",
      "regDate": "2015-03-21T02:28:40-07:00",
      "city": "Leominster",
      "age": 43
    },
    {
      "name": "Nash",
      "email": "Nunc.ullamcorper.velit@egetmetuseu.edu",
      "regDate": "2016-10-21T10:38:41-07:00",
      "city": "Gravataí",
      "age": 20
    },
    {
      "name": "Brennan",
      "email": "Vestibulum@Sedpharetra.org",
      "regDate": "2016-06-06T22:37:33-07:00",
      "city": "Carleton",
      "age": 31
    },
    {
      "name": "Diana",
      "email": "Cras.vulputate@erosturpisnon.edu",
      "regDate": "2016-09-07T18:40:26-07:00",
      "city": "Ripabottoni",
      "age": 36
    },
    {
      "name": "Farrah",
      "email": "dignissim.tempor.arcu@gravidamaurisut.edu",
      "regDate": "2016-11-30T23:52:41-08:00",
      "city": "Aguacaliente (San Francisco)",
      "age": 37
    },
    {
      "name": "August",
      "email": "tincidunt.Donec@dictumeleifendnunc.org",
      "regDate": "2016-11-21T05:57:31-08:00",
      "city": "Hameln",
      "age": 21
    },
    {
      "name": "Reese",
      "email": "et.magnis.dis@montesnasceturridiculus.net",
      "regDate": "2015-07-01T14:09:53-07:00",
      "city": "St. Catharines",
      "age": 22
    },
    {
      "name": "Pascale",
      "email": "pede.ultrices@lacinia.com",
      "regDate": "2016-02-18T05:11:43-08:00",
      "city": "Newmarket",
      "age": 50
    },
    {
      "name": "Gage",
      "email": "In.mi.pede@diameu.edu",
      "regDate": "2016-07-31T17:51:58-07:00",
      "city": "Ilhéus",
      "age": 20
    },
    {
      "name": "Nora",
      "email": "Ut.semper.pretium@luctussit.net",
      "regDate": "2016-01-23T17:01:09-08:00",
      "city": "Kirkintilloch",
      "age": 32
    },
    {
      "name": "Jameson",
      "email": "dolor.Fusce.feugiat@tempusnon.ca",
      "regDate": "2016-06-24T08:52:43-07:00",
      "city": "Uikhoven",
      "age": 46
    },
    {
      "name": "Ryder",
      "email": "Vestibulum.accumsan@egetmetus.co.uk",
      "regDate": "2015-08-02T00:01:28-07:00",
      "city": "São Gonçalo",
      "age": 28
    },
    {
      "name": "Lyle",
      "email": "libero.nec.ligula@euaugueporttitor.co.uk",
      "regDate": "2015-11-15T05:40:15-08:00",
      "city": "Vieux-Genappe",
      "age": 29
    },
    {
      "name": "Carly",
      "email": "vitae.sodales@pretium.co.uk",
      "regDate": "2016-01-11T16:09:51-08:00",
      "city": "Spresiano",
      "age": 48
    },
    {
      "name": "Hector",
      "email": "luctus@orci.com",
      "regDate": "2016-12-20T18:58:28-08:00",
      "city": "Jerzu",
      "age": 35
    },
    {
      "name": "Luke",
      "email": "luctus.aliquet.odio@bibendumDonecfelis.edu",
      "regDate": "2016-03-06T03:19:08-08:00",
      "city": "Bothey",
      "age": 45
    },
    {
      "name": "Celeste",
      "email": "et.malesuada.fames@utdolordapibus.org",
      "regDate": "2015-10-04T23:37:46-07:00",
      "city": "Armstrong",
      "age": 42
    },
    {
      "name": "Ila",
      "email": "urna.Nullam@nullaCraseu.ca",
      "regDate": "2015-05-10T09:00:25-07:00",
      "city": "Flint",
      "age": 34
    },
    {
      "name": "Leila",
      "email": "vehicula@orciUtsagittis.net",
      "regDate": "2016-11-13T02:20:11-08:00",
      "city": "Ulloa (Barrial)",
      "age": 35
    },
    {
      "name": "Zahir",
      "email": "eleifend.non.dapibus@auguescelerisque.edu",
      "regDate": "2015-07-13T14:10:16-07:00",
      "city": "Ñuñoa",
      "age": 21
    },
    {
      "name": "Jin",
      "email": "fames.ac.turpis@Namligula.edu",
      "regDate": "2015-06-17T23:31:55-07:00",
      "city": "San Felipe",
      "age": 25
    },
    {
      "name": "Wallace",
      "email": "natoque.penatibus@tortorIntegeraliquam.com",
      "regDate": "2016-11-02T22:00:54-07:00",
      "city": "Rock Springs",
      "age": 39
    },
    {
      "name": "Wallace",
      "email": "nulla.magna.malesuada@cursusNuncmauris.edu",
      "regDate": "2016-01-25T09:13:43-08:00",
      "city": "Copiapó",
      "age": 31
    },
    {
      "name": "Buffy",
      "email": "est@Vestibulumanteipsum.edu",
      "regDate": "2016-10-10T13:54:26-07:00",
      "city": "Sens",
      "age": 48
    },
    {
      "name": "Jin",
      "email": "orci.in@nuncsitamet.org",
      "regDate": "2017-01-23T07:56:18-08:00",
      "city": "Drumheller",
      "age": 44
    },
    {
      "name": "Ethan",
      "email": "ad@enimcommodohendrerit.com",
      "regDate": "2015-07-09T20:16:24-07:00",
      "city": "Ghaziabad",
      "age": 32
    },
    {
      "name": "Sheila",
      "email": "dictum@rhoncus.com",
      "regDate": "2015-10-15T05:15:47-07:00",
      "city": "Hay River",
      "age": 25
    },
    {
      "name": "Jolie",
      "email": "facilisis@uterat.net",
      "regDate": "2016-04-30T20:48:31-07:00",
      "city": "Anderlues",
      "age": 32
    },
    {
      "name": "Eugenia",
      "email": "dolor@nibhsit.ca",
      "regDate": "2017-01-23T06:17:22-08:00",
      "city": "Wardha",
      "age": 36
    },
    {
      "name": "Suki",
      "email": "pretium.neque@consequatnecmollis.net",
      "regDate": "2016-04-20T07:03:02-07:00",
      "city": "Meldert",
      "age": 42
    },
    {
      "name": "Barrett",
      "email": "a@lobortismaurisSuspendisse.edu",
      "regDate": "2015-08-27T11:25:51-07:00",
      "city": "Keith",
      "age": 40
    },
    {
      "name": "Tashya",
      "email": "nascetur@tinciduntadipiscingMauris.ca",
      "regDate": "2015-05-31T10:57:18-07:00",
      "city": "Sint-Amandsberg",
      "age": 30
    },
    {
      "name": "Doris",
      "email": "vitae@Ut.net",
      "regDate": "2015-03-17T08:21:56-07:00",
      "city": "Freirina",
      "age": 27
    },
    {
      "name": "Herrod",
      "email": "arcu.Vestibulum@augueporttitorinterdum.co.uk",
      "regDate": "2016-08-31T10:30:49-07:00",
      "city": "Hollabrunn",
      "age": 47
    },
    {
      "name": "Patience",
      "email": "gravida@in.ca",
      "regDate": "2017-02-26T03:44:58-08:00",
      "city": "Borsbeek",
      "age": 21
    },
    {
      "name": "arden",
      "email": "tincidunt.nunc.ac@nibhenim.ca",
      "regDate": "2017-01-29T12:42:50-08:00",
      "city": "Wolkrange",
      "age": 36
    },
    {
      "name": "Harper",
      "email": "tempor.lorem@quisturpis.edu",
      "regDate": "2016-04-07T12:53:49-07:00",
      "city": "Marano Lagunare",
      "age": 49
    },
    {
      "name": "Burke",
      "email": "lobortis@velpede.ca",
      "regDate": "2015-06-01T22:29:44-07:00",
      "city": "Nadiad",
      "age": 49
    },
    {
      "name": "Jael",
      "email": "hendrerit.a.arcu@montes.edu",
      "regDate": "2016-05-08T03:28:35-07:00",
      "city": "Cuenca",
      "age": 32
    },
    {
      "name": "Stephanie",
      "email": "dictum@Inmi.net",
      "regDate": "2016-03-29T01:03:51-07:00",
      "city": "Driekapellen",
      "age": 39
    },
    {
      "name": "Frances",
      "email": "lectus.quis.massa@non.ca",
      "regDate": "2015-05-21T14:05:00-07:00",
      "city": "Bama",
      "age": 38
    },
    {
      "name": "Mark",
      "email": "est.Mauris@arcuvel.ca",
      "regDate": "2015-08-01T19:53:38-07:00",
      "city": "St. Andrews",
      "age": 44
    },
    {
      "name": "Roth",
      "email": "enim.non.nisi@Lorem.net",
      "regDate": "2016-10-12T15:20:15-07:00",
      "city": "Teltow",
      "age": 26
    },
    {
      "name": "Dakota",
      "email": "sed.orci@ligulaAeneaneuismod.org",
      "regDate": "2016-05-21T06:15:26-07:00",
      "city": "Dover",
      "age": 25
    },
    {
      "name": "Teegan",
      "email": "augue.eu.tempor@Integervulputate.org",
      "regDate": "2017-02-18T17:49:14-08:00",
      "city": "Hattem",
      "age": 40
    },
    {
      "name": "Chandler",
      "email": "a.odio@sedturpis.edu",
      "regDate": "2015-05-23T17:57:39-07:00",
      "city": "Wellington",
      "age": 34
    },
    {
      "name": "Kathleen",
      "email": "Ut.tincidunt.vehicula@consectetuerrhoncusNullam.edu",
      "regDate": "2016-03-09T13:50:40-08:00",
      "city": "Weelde",
      "age": 30
    },
    {
      "name": "Scarlet",
      "email": "Suspendisse.non@montesnascetur.com",
      "regDate": "2015-06-21T11:13:19-07:00",
      "city": "Tuktoyaktuk",
      "age": 32
    },
    {
      "name": "Haley",
      "email": "risus@Cras.net",
      "regDate": "2017-01-22T07:25:39-08:00",
      "city": "Hudiksvall",
      "age": 23
    },
    {
      "name": "Jesse",
      "email": "odio@amet.org",
      "regDate": "2016-01-29T13:03:43-08:00",
      "city": "Veere",
      "age": 43
    },
    {
      "name": "Noble",
      "email": "vulputate.risus.a@Quisqueliberolacus.co.uk",
      "regDate": "2016-08-16T08:07:57-07:00",
      "city": "Cornwall",
      "age": 47
    },
    {
      "name": "Phelan",
      "email": "nascetur.ridiculus@fringilla.edu",
      "regDate": "2015-11-09T06:20:07-08:00",
      "city": "Oosterhout",
      "age": 50
    },
    {
      "name": "Amos",
      "email": "Phasellus.fermentum@montesnascetur.ca",
      "regDate": "2016-01-20T22:02:46-08:00",
      "city": "Llaillay",
      "age": 31
    },
    {
      "name": "Pandora",
      "email": "aliquet.Phasellus@sociis.ca",
      "regDate": "2016-02-21T02:47:32-08:00",
      "city": "São José dos Pinhais",
      "age": 38
    },
    {
      "name": "Jada",
      "email": "eu@a.edu",
      "regDate": "2016-01-10T23:12:06-08:00",
      "city": "Venezia",
      "age": 33
    },
    {
      "name": "Abraham",
      "email": "Nunc@Vivamus.com",
      "regDate": "2017-02-15T20:23:36-08:00",
      "city": "Wambeek",
      "age": 41
    },
    {
      "name": "Bert",
      "email": "non.bibendum@mollisduiin.org",
      "regDate": "2015-07-17T06:27:40-07:00",
      "city": "Vezzi Portio",
      "age": 35
    },
    {
      "name": "Lars",
      "email": "dolor.Fusce.feugiat@metusurnaconvallis.ca",
      "regDate": "2015-07-05T17:29:50-07:00",
      "city": "Pinneberg",
      "age": 21
    },
    {
      "name": "Bethany",
      "email": "Sed.nulla.ante@sociosquadlitora.net",
      "regDate": "2015-12-23T01:47:18-08:00",
      "city": "Idaho Falls",
      "age": 20
    },
    {
      "name": "Jasmine",
      "email": "id.enim.Curabitur@tellus.com",
      "regDate": "2016-11-23T15:51:48-08:00",
      "city": "Narbonne",
      "age": 48
    },
    {
      "name": "Brody",
      "email": "ac.orci@facilisisnon.com",
      "regDate": "2015-11-18T20:56:24-08:00",
      "city": "Livingston",
      "age": 30
    },
    {
      "name": "alec",
      "email": "in@aliquameu.org",
      "regDate": "2015-04-21T03:17:43-07:00",
      "city": "Harlingen",
      "age": 21
    },
    {
      "name": "Audrey",
      "email": "Donec@Aliquamadipiscinglobortis.org",
      "regDate": "2016-12-06T20:14:43-08:00",
      "city": "Sars-la-Buissire",
      "age": 25
    },
    {
      "name": "Forrest",
      "email": "leo.elementum@ridiculus.co.uk",
      "regDate": "2015-09-15T11:17:42-07:00",
      "city": "Langholm",
      "age": 50
    },
    {
      "name": "Jessica",
      "email": "a.mi.fringilla@montes.net",
      "regDate": "2016-07-29T15:13:38-07:00",
      "city": "Sioux City",
      "age": 42
    },
    {
      "name": "Cedric",
      "email": "Praesent.eu.nulla@tempordiamdictum.co.uk",
      "regDate": "2016-10-02T05:17:43-07:00",
      "city": "Nazilli",
      "age": 21
    },
    {
      "name": "Maile",
      "email": "pharetra@Duisatlacus.edu",
      "regDate": "2016-12-29T18:47:43-08:00",
      "city": "Salerno",
      "age": 40
    },
    {
      "name": "acton",
      "email": "consequat.auctor@Quisque.org",
      "regDate": "2017-01-19T05:53:38-08:00",
      "city": "Motta Camastra",
      "age": 46
    },
    {
      "name": "Macey",
      "email": "faucibus@tellus.org",
      "regDate": "2015-10-30T13:07:22-07:00",
      "city": "St. Thomas",
      "age": 40
    },
    {
      "name": "Iona",
      "email": "rutrum.justo@eu.org",
      "regDate": "2015-11-10T14:36:30-08:00",
      "city": "Legal",
      "age": 48
    },
    {
      "name": "Eve",
      "email": "risus.Morbi@aliquameros.com",
      "regDate": "2015-12-21T09:25:33-08:00",
      "city": "Illapel",
      "age": 42
    },
    {
      "name": "Jayme",
      "email": "a.nunc.In@convallisante.ca",
      "regDate": "2016-02-07T10:22:09-08:00",
      "city": "Ville de Maniwaki",
      "age": 30
    },
    {
      "name": "Bo",
      "email": "posuere.cubilia.Curae@estNunclaoreet.net",
      "regDate": "2016-08-16T20:42:44-07:00",
      "city": "Pak Pattan",
      "age": 24
    },
    {
      "name": "Matthew",
      "email": "enim.Mauris.quis@vehicula.edu",
      "regDate": "2015-05-01T01:53:59-07:00",
      "city": "Alacant",
      "age": 35
    },
    {
      "name": "Justina",
      "email": "Donec.nibh@Vivamusmolestie.ca",
      "regDate": "2015-06-24T14:38:07-07:00",
      "city": "Kobbegem",
      "age": 22
    }
  ]